marca,descripcion,color,talle,cantidad,precio_costo,porcentaje_venta,porcentaje_amigo
EL DON,Remera Tejida Bule Over,CHOCOLATE,S/1/30,1,"$00,019",150,100
EL DON,Remera Tejida Bule Over,CHOCOLATE,M/2/32,1,"$00,019",150,100
EL DON,Remera Tejida Bule Over,BEIGE,L/3/34,1,"$00,019",150,100
EL DON,Remera Tejida Bule Over,BEIGE,XL/36,1,"$00,019",150,100
EL DON,Remera Tejida Bule Over,Negro,S/1/30,1,"$00,019",150,100
EL DON,Remera Focus Over,Negro,M/2/32,1,"$00,020",150,100
EL DON,Remera Waffle Grecia,Negro,S/1/30,1,"$00,015",150,100
EL DON,Remera Waffle Grecia,Negro,M/2/32,1,"$00,015",150,100
EL DON,Remera Waffle Grecia,Negro,L/3/34,1,"$00,015",150,100
EL DON,Remera Waffle Grecia,Verde,S/1/30,1,"$00,015",150,100
EL DON,Remera Waffle Grecia,Verde,M/2/32,1,"$00,015",150,100
EL DON,Remera Waffle Grecia,Laser,XS/28,2,"$00,020",150,100
EL DON,Remera Waffle Grecia,Laser,S/1/30,2,"$00,020",150,100
EL DON,Remera Waffle Grecia,tostado,M/2/32,1,"$00,020",150,100
EL DON,Remera Sidney Over,Negro,XS/28,2,"$00,017",150,100
EL DON,Remera Sidney Over,Negro,S/1/30,1,"$00,017",150,100
EL DON,Remera Sidney Over,Gris,XS/28,1,"$00,017",150,100
EL DON,Remera Sidney Over,Gris,M/2/32,1,"$00,017",150,100
EL DON,Remera Kenia Rustico,Negro,XS/28,1,"$00,014",150,100
EL DON,Remera Kenia Rustico,Negro,M/2/32,1,"$00,014",150,100
EL DON,Remera Kenia Rustico,Blanco,XS/28,2,"$00,014",150,100
EL DON,Remera Kenia Rustico,Blanco,M/2/32,1,"$00,014",150,100
EL DON,Remera Regular ED,Negro,S/1/30,1,"$00,010",150,100
EL DON,Remera Regular ED,Negro,M/2/32,1,"$00,010",150,100
EL DON,Remera Regular ED,Negro,L/3/34,2,"$00,010",150,100
EL DON,Remera Regular ED,Negro,XL/36,2,"$00,010",150,100
EL DON,Remera Regular ED,Chocolate,XS/28,1,"$00,010",150,100
EL DON,Remera Regular ED,Chocolate,L/3/34,2,"$00,010",150,100
EL DON,Remera Regular ED,Chocolate,XL/36,1,"$00,010",150,100
EL DON,Remera Regular ED,Blanco,XS/28,1,"$00,010",150,100
EL DON,Remera Regular ED,Blanco,S/1/30,1,"$00,010",150,100
EL DON,Remera Regular ED,Blanco,M/2/32,1,"$00,010",150,100
EL DON,Remera Regular ED,Blanco,L/3/34,1,"$00,010",150,100
EL DON,Remera Basica Boxy-Fit,Negro,S/1/30,1,"$00,011",150,100
EL DON,Remera Basica Boxy-Fit,Negro,M/2/32,2,"$00,011",150,100
EL DON,Remera Basica Boxy-Fit,Negro,L/3/34,1,"$00,011",150,100
EL DON,Remera Basica Boxy-Fit,Blanco,XS/28,1,"$00,011",150,100
EL DON,Remera Basica Boxy-Fit,Blanco,S/1/30,1,"$00,011",150,100
EL DON,Remera Basica Boxy-Fit,Blanco,M/2/32,1,"$00,011",150,100
EL DON,Remera Basica Boxy-Fit,Gris,M/2/32,1,"$00,011",150,100
EL DON,Camisaco Corderoy Narda,NEGRO,S/1/30,1,"$00,034",150,100
EL DON,Camisaco Corderoy Narda,NEGRO,L/3/34,1,"$00,034",150,100
EL DON,Camisaco Corderoy Narda,BEIGE,XS/28,1,"$00,034",150,100
EL DON,Camisaco Corderoy Narda,BEIGE,S/1/30,2,"$00,034",150,100
EL DON,Camisaco Corderoy Narda,BEIGE,XL/36,1,"$00,034",150,100
EL DON,Camisaco Corderoy Narda,VISON,XS/28,1,"$00,034",150,100
EL DON,Camisaco Corderoy Narda,VISON,S/1/30,1,"$00,034",150,100
EL DON,Camisaco Corderoy Narda,VISON,M/2/32,1,"$00,034",150,100
EL DON,Campera Madison,Negro,S/1/30,1,"$00,035",150,100
EL DON,Campera Madison,Negro,M/2/32,1,"$00,035",150,100
EL DON,Campera Madison,beige,XS/28,1,"$00,035",150,100
EL DON,Campera Madison,beige,S/1/30,1,"$00,035",150,100
EL DON,Campera Madison,beige,M/2/32,1,"$00,035",150,100
EL DON,Campera Madison,beige,L/3/34,1,"$00,035",150,100
EL DON,Campera Lucrecia,NEGRO,S/1/30,1,"$00,044",150,100
EL DON,Campera Lucrecia,NEGRO,XL/36,1,"$00,044",150,100
EL DON,Campera Celine,Negro,M/2/32,1,"$00,051",150,100
EL DON,Campera Celine,Beige,M/2/32,1,"$00,051",150,100
EL DON,Campera Malva,Beige,XS/28,1,"$00,032",150,100
EL DON,Campera Malva,Beige,S/1/30,1,"$00,032",150,100
EL DON,Campera Malva,Beige,L/3/34,1,"$00,032",150,100
EL DON,Buzo Waffle Liviano,NEGRO,XS/28,1,"$00,022",150,100
EL DON,Buzo Waffle Liviano,TOSTADO,XS/28,2,"$00,022",150,100
EL DON,Buzo Waffle Liviano,TOSTADO,S/1/30,1,"$00,022",150,100
EL DON,Buzo Waffle Liviano,TOSTADO,M/2/32,2,"$00,022",150,100
EL DON,Buzo Waffle Liviano,TOSTADO,L/3/34,1,"$00,022",150,100
EL DON,Buzo Waffle Liviano,TOSTADO,XL/36,1,"$00,022",150,100
EL DON,Buzo Waffle Liviano,grafito,M/2/32,1,"$00,022",150,100
EL DON,Buzo Waffle Liviano,grafito,L/3/34,1,"$00,022",150,100
EL DON,Buzo Frisa Anton,Negro,S/1/30,1,"$00,034",150,100
EL DON,Buzo Frisa Anton,Negro,M/2/32,1,"$00,034",150,100
EL DON,Buzo Frisa Anton,Negro,L/3/34,1,"$00,034",150,100
EL DON,Buzo Frisa Anton,Celeste,S/1/30,1,"$00,034",150,100
EL DON,Buzo Frisa Anton,Celeste,L/3/34,1,"$00,034",150,100
EL DON,Buzo Frisa Anton,beige,S/1/30,1,"$00,034",150,100
EL DON,Buzo Frisa Anton,beige,M/2/32,2,"$00,034",150,100
EL DON,Buzo Frisa Anton,beige,L/3/34,1,"$00,034",150,100
EL DON,Buzo Canguro Faith,NEGRO,XS/28,1,"$00,040",150,100
EL DON,Buzo Canguro Faith,NEGRO,S/1/30,1,"$00,040",150,100
EL DON,Buzo Canguro Faith,NEGRO,L/3/34,1,"$00,040",150,100
EL DON,Buzo Boxy Wild,NEGRO,L/3/34,1,"$00,030",150,100
EL DON,Buzo Boxy Wild,CRUDO,L/3/34,1,"$00,030",150,100
EL DON,Pantalón Cargo Eliseo,Tostado,S/1/30,1,"$00,032",150,100
EL DON,Pantalon Cargo Cadiz,NEGRO,S/1/30,1,"$00,042",150,100
EL DON,Jogging Recto Blache,GRIS,M/2/32,1,"$00,034",150,100
EL DON,Jogging Recto Kick,Negro,XS/28,2,"$00,036",150,100
EL DON,Jogging Recto Kick,Negro,S/1/30,1,"$00,036",150,100
EL DON,Jogging Recto Kick,Negro,M/2/32,1,"$00,036",150,100
EL DON,Jogging Recto Kick,Chocolate,XS/28,1,"$00,036",150,100
EL DON,Jogging Recto Kick,Chocolate,S/1/30,1,"$00,036",150,100
EL DON,Jogging Recto Kick,Chocolate,M/2/32,1,"$00,036",150,100
EL DON,Jogging Recto Kick,Beige,XS/28,1,"$00,036",150,100
EL DON,Jogging Recto Kick,Beige,S/1/30,2,"$00,036",150,100
EL DON,Jogging Recto Kick,Beige,M/2/32,1,"$00,036",150,100
EL DON,Jogging Recto Kick,Beige,L/3/34,1,"$00,036",150,100
EL DON,Pantalon Jisan,NEGRO,XS/28,1,"$00,040",150,100
EL DON,Pantalon Jisan,NEGRO,S/1/30,2,"$00,040",150,100
EL DON,Pantalon Jisan,NEGRO,M/2/32,1,"$00,040",150,100
EL DON,Pantalon Jisan,NEGRO,L/3/34,1,"$00,040",150,100
EL DON,Pantalon Jisan,GRIS,XS/28,3,"$00,040",150,100
EL DON,Pantalon Jisan,GRIS,S/1/30,2,"$00,040",150,100
EL DON,Pantalon Jisan,GRIS,M/2/32,2,"$00,040",150,100
EL DON,Pantalon Jisan,GRIS,L/3/34,1,"$00,040",150,100
EL DON,Pantalón Lule Sastrero,Beige,XS/28,1,"$00,038",150,100
EL DON,Pantalón Lule Sastrero,Beige,S/1/30,2,"$00,038",150,100
EL DON,Pantalón Lule Sastrero,Beige,M/2/32,2,"$00,038",150,100
EL DON,Pantalón Lule Sastrero,Beige,L/3/34,2,"$00,038",150,100
EL DON,Pantalón Lule Sastrero,Beige,XL/36,1,"$00,038",150,100
EL DON,Pantalón Lule Sastrero,Gris,XS/28,1,"$00,038",150,100
EL DON,Pantalón Lule Sastrero,Gris,S/1/30,2,"$00,038",150,100
EL DON,Pantalón Lule Sastrero,Gris,M/2/32,2,"$00,038",150,100
EL DON,Pantalón Lule Sastrero,Gris,L/3/34,2,"$00,038",150,100
EL DON,Pantalón Lule Sastrero,Gris,XL/36,1,"$00,038",150,100
EL DON,Pantalón Lule Sastrero,Chocolate,S/1/30,1,"$00,038",150,100
EL DON,Pantalón Lule Sastrero,Chocolate,M/2/32,2,"$00,038",150,100
EL DON,Pantalón Lule Sastrero,Chocolate,L/3/34,1,"$00,038",150,100
EL DON,Pantalón Lule Sastrero,Chocolate,XL/36,1,"$00,038",150,100
EL DON,Pantalón Lule Sastrero,Marino,XS/28,1,"$00,038",150,100
EL DON,Pantalón Lule Sastrero,Marino,S/1/30,1,"$00,038",150,100
EL DON,Pantalón Lule Sastrero,Marino,M/2/32,1,"$00,038",150,100
EL DON,Pantalón Lule Sastrero,Marino,L/3/34,1,"$00,038",150,100
EL DON,Pantalón Sastrero Alpin,Negro,XS/28,2,"$00,038",150,100
EL DON,Pantalón Sastrero Alpin,Negro,S/1/30,2,"$00,038",150,100
EL DON,Pantalón Sastrero Alpin,Negro,M/2/32,1,"$00,038",150,100
EL DON,Pantalón Sastrero Alpin,Negro,L/3/34,2,"$00,038",150,100
EL DON,Pantalón Nevada Laser,Gris,S/1/30,1,"$00,036",150,100
EL DON,Pantalón Nevada Laser,Gris,M/2/32,1,"$00,036",150,100
EL DON,Pantalón Nevada Laser,Gris,L/3/34,1,"$00,036",150,100
EL DON,Pantalón Nevada Laser,Negro,XS/28,1,"$00,036",150,100
EL DON,Pantalón Nevada Laser,Negro,S/1/30,1,"$00,036",150,100
EL DON,Pantalón Nevada Laser,Negro,L/3/34,1,"$00,036",150,100
EL DON,ED Pantalon Recto Osoro,Gris,S/1/30,1,"$00,036",150,100
EL DON,ED Pantalon Recto Osoro,Gris,M/2/32,1,"$00,036",150,100
EL DON,ED Campera Osoro,gris,M/2/32,1,"$00,038",150,100
EL DON,Sweater Cooper,Negro,XS/28,1,"$00,042",150,100
EL DON,Sweater Cooper,Vison,M/2/32,1,"$00,042",150,100
EL DON,ED Sweater Parbat,Vison,S/1/30,1,"$00,034",150,100
EL DON,ED Sweater Parbat,Gris Perla,XS/28,1,"$00,034",150,100
EL DON,ED Sweater Parbat,Gris Perla,S/1/30,1,"$00,034",150,100
EL DON,ED Sweater Parbat,Gris Perla,M/2/32,1,"$00,034",150,100
EL DON,ED Sweater Caltaya,Negro,S/1/30,1,"$00,042",150,100
EL DON,ED Sweater Caltaya,Negro,M/2/32,1,"$00,042",150,100
LUXO,JEAN HELVETICA,P. GRIS,XS/28,1,"$00,051",150,100
LUXO,JEAN HELVETICA,P. GRIS,L/3/34,1,"$00,051",150,100
LUXO,JEAN HELVETICA,P. GRIS,XL/36,1,"$00,051",150,100
LUXO,JEAN HELVETICA,P. NEGRO,S/1/30,1,"$00,051",150,100
LUXO,JEAN HELVETICA,P. NEGRO,L/3/34,1,"$00,051",150,100
LUXO,JEAN HELVETICA,P. CELESTE,XS/28,1,"$00,051",150,100
LUXO,JEAN HELVETICA,P. CELESTE,S/1/30,1,"$00,051",150,100
LUXO,JEAN HELVETICA,P. CELESTE,XL/36,1,"$00,051",150,100
LUXO,PANTALON RAW,NEGRO,L/3/34,1,"$00,041",150,100
LUXO,PANTALON RAW,DENIM,L/3/34,1,"$00,041",150,100
LUXO,CAMERON PANT,NEGRO,M/2/32,1,"$00,047",150,100
LUXO,SUDADERA CONTROL,CAÑAMO,S/1/30,1,"$00,013",150,100
LUXO,SUDADERA CONTROL,CAÑAMO,M/2/32,1,"$00,013",150,100
LUXO,SUDADERA CONTROL,CAÑAMO,L/3/34,1,"$00,013",150,100
LUXO,SUDADERA CONTROL,TERRA,S/1/30,1,"$00,013",150,100
LUXO,SUDADERA CONTROL,TERRA,M/2/32,1,"$00,013",150,100
LUXO,SUDADERA CONTROL,TERRA,L/3/34,2,"$00,013",150,100
LUXO,SUDADERA CONTROL,NEVADO,L/3/34,1,"$00,013",150,100
LUXO,SUDADERA DISNEY FREQUENZ,NEGRO,S/1/30,3,"$00,018",150,100
LUXO,SUDADERA DISNEY FREQUENZ,NEGRO,M/2/32,2,"$00,018",150,100
LUXO,SUDADERA DISNEY HELLO DARLING,NEVADO,S/1/30,1,"$00,018",150,100
LUXO,SUDADERA DISNEY HELLO DARLING,NEVADO,M/2/32,2,"$00,018",150,100
LUXO,REMERA RUEDA DE LA FORT,BLANCO,XS/28,2,"$00,026",150,100
LUXO,REMERA RUEDA DE LA FORT,BLANCO,S/1/30,1,"$00,026",150,100
LUXO,REMERA RUEDA DE LA FORT,BLANCO,M/2/32,1,"$00,026",150,100
LUXO,REMERA EL DIABLO,NEVADO,XS/28,1,"$00,026",150,100
LUXO,REMERA EL DIABLO,NEVADO,S/1/30,1,"$00,026",150,100
LUXO,REMERA EL DIABLO,NEVADO,M/2/32,1,"$00,026",150,100
LUXO,REMERA EL DIABLO,NEVADO,L/3/34,1,"$00,026",150,100
LUXO,REMERA EL MAGO,NEVADO,M/2/32,1,"$00,026",150,100
LUXO,REMERA EL MAGO,NEVADO,L/3/34,1,"$00,026",150,100
LUXO,REMERA EL ERMITAÑO,NEGRO,L/3/34,1,"$00,026",150,100
LUXO,REMERA EL ERMITAÑO,NEVADO,XS/28,1,"$00,026",150,100
LUXO,REMERA EL ERMITAÑO,NEVADO,M/2/32,1,"$00,026",150,100
LUXO,REMERA EL ERMITAÑO,NEVADO,L/3/34,1,"$00,026",150,100
LUXO,REMERA LA MUERTE,NEVADO,S/1/30,1,"$00,026",150,100
LUXO,REMERA LA MUERTE,NEVADO,M/2/32,2,"$00,026",150,100
LUXO,REMERA LA MUERTE,NEVADO,L/3/34,1,"$00,026",150,100
LUXO,REMERA LA LUNA,NEGRO,XS/28,1,"$00,026",150,100
LUXO,REMERA LA LUNA,NEGRO,XL/36,1,"$00,026",150,100
LUXO,REMERA LA LUNA,NEVADO,XS/28,1,"$00,026",150,100
LUXO,REMERA LA LUNA,NEVADO,L/3/34,1,"$00,026",150,100
LUXO,REMERA DISNEY KUNG FU,NEVADO,XS/28,1,"$00,024",150,100
LUXO,REMERA DISNEY KUNG FU,NEVADO,S/1/30,1,"$00,024",150,100
LUXO,REMERA DISNEY KUNG FU,NEVADO,M/2/32,1,"$00,024",150,100
LUXO,REMERA DISNEY SKATEFLOW,BLANCO,XS/28,1,"$00,024",150,100
LUXO,REMERA DISNEY SKATEFLOW,BLANCO,S/1/30,1,"$00,024",150,100
LUXO,REMERA DISNEY SKATEFLOW,BLANCO,M/2/32,1,"$00,024",150,100
LUXO,REMERA DISNEY SKATEFLOW,BLANCO,L/3/34,1,"$00,024",150,100
LUXO,REMERA DISNEY SKATEFLOW,NEGRO,XS/28,1,"$00,024",150,100
LUXO,REMERA DISNEY SKATEFLOW,NEGRO,S/1/30,2,"$00,024",150,100
LUXO,REMERA DISNEY SKATEFLOW,NEGRO,M/2/32,2,"$00,024",150,100
LUXO,REMERA DISNEY SKATEFLOW,NEVADO,XS/28,2,"$00,024",150,100
LUXO,REMERA DISNEY SKATEFLOW,NEVADO,S/1/30,2,"$00,024",150,100
LUXO,REMERA DISNEY SKATEFLOW,NEVADO,M/2/32,1,"$00,024",150,100
LUXO,REMERA DISNEY SKATEFLOW,NEVADO,L/3/34,1,"$00,024",150,100
LUXO,REMERA DISNEY HELLO DARLING,NEGRO,XS/28,2,"$00,020",150,100
LUXO,REMERA DISNEY BACK TO SKULL,NEVADO,S/1/30,1,"$00,020",150,100
LUXO,REMERA B2BASIC PREMIUM,NEGRO,L/3/34,1,"$00,015",150,100
LUXO,REMERA B2BASIC PREMIUM,NEGRO,XL/36,1,"$00,015",150,100
LUXO,REMERA B2BASIC PREMIUM,BLANCO,M/2/32,2,"$00,015",150,100
LUXO,REMERA B2BASIC PREMIUM,BLANCO,L/3/34,2,"$00,015",150,100
LUXO,REMERA FUTURO,MOSTAZA,S/1/30,1,"$00,020",150,100
LUXO,REMERA HUMO,NEGRO,XS/28,1,"$00,019",150,100
LUXO,REMERA HUMO,BLANCO,L/3/34,1,"$00,019",150,100
LUXO,REMERA ELIXIR,NEGRO,XS/28,1,"$00,019",150,100
LUXO,REMERON MEGA,blanco,XS/28,1,"$00,016",150,100
LUXO,REMERON MEGA,blanco,S/1/30,3,"$00,016",150,100
LUXO,REMERON MEGA,blanco,M/2/32,3,"$00,016",150,100
LUXO,REMERON MEGA,blanco,L/3/34,3,"$00,016",150,100
LUXO,REMERON MEGA,blanco,XL/36,1,"$00,016",150,100
LUXO,REMERON MEGA,CARBON,XS/28,1,"$00,016",150,100
LUXO,REMERON MEGA,CARBON,L/3/34,1,"$00,016",150,100
LUXO,REMERON MEGA,NEGRO,S/1/30,2,"$00,016",150,100
LUXO,REMERON MEGA,NEGRO,M/2/32,3,"$00,016",150,100
LUXO,REMERON MEGA,NEGRO,L/3/34,2,"$00,016",150,100
LUXO,REMERON MEGA,CHIA,S/1/30,1,"$00,016",150,100
LUXO,REMERON MEGA,CHIA,M/2/32,2,"$00,016",150,100
LUXO,REMERON MEGA,CHIA,L/3/34,1,"$00,016",150,100
LUXO,REMERON MEGA CROP,BLANCO,XS/28,3,"$00,016",150,100
LUXO,REMERON MEGA CROP,BLANCO,S/1/30,2,"$00,016",150,100
LUXO,REMERON MEGA CROP,BLANCO,M/2/32,2,"$00,016",150,100
LUXO,REMERON MEGA CROP,BLANCO,L/3/34,3,"$00,016",150,100
LUXO,REMERON MEGA CROP,NEGRO,XS/28,1,"$00,016",150,100
LUXO,REMERON MEGA CROP,NEGRO,S/1/30,2,"$00,016",150,100
LUXO,REMERON MEGA CROP,NEGRO,L/3/34,1,"$00,016",150,100
LUXO,REMERON MEGA CROP,CARBON,XS/28,2,"$00,016",150,100
LUXO,REMERON MEGA CROP,CARBON,S/1/30,1,"$00,016",150,100
LUXO,REMERON MEGA CROP,CARBON,M/2/32,1,"$00,016",150,100
LUXO,REMERON MEGA CROP,CARBON,L/3/34,2,"$00,016",150,100
LUXO,REMERA TRACY,BLANCO,L/3/34,2,"$00,015",150,100
LUXO,REMERA TRACY,BLANCO,XL/36,2,"$00,015",150,100
LUXO,REMERA TRACY,NEGRO,S/1/30,1,"$00,015",150,100
LUXO,REMERA TRACY,NEGRO,M/2/32,1,"$00,015",150,100
LUXO,REMERA TRACY,NEGRO,L/3/34,2,"$00,015",150,100
LUXO,REMERA STAR WARS,NEON,XS/28,3,"$00,022",150,100
LUXO,REMERA STAR WARS,NEON,S/1/30,3,"$00,022",150,100
LUXO,REMERA STAR WARS,NEON,M/2/32,3,"$00,022",150,100
LUXO,REMERA STAR WARS NEGRO,N/A,S/1/30,1,"$00,022",150,100
LUXO,REMERA STAR WARS NEGRO,N/A,M/2/32,2,"$00,022",150,100
LUXO,REMERA STAR WARS,HELIO,S/1/30,1,"$00,022",150,100
LUXO,REMERA SPACE,VERDE AGUA,S/1/30,1,"$00,019",150,100
LUXO,REMERA KEVIN,VERDE AGUA,S/1/30,1,"$00,019",150,100
LUXO,HOODIE CHEWBACCA,NEGRO,S/1/30,2,"$00,041",150,100
LUXO,HOODIE CHEWBACCA,NEGRO,M/2/32,2,"$00,041",150,100
LUXO,HOODIE CHEWBACCA,OFF WHITE,S/1/30,2,"$00,041",150,100
LUXO,HOODIE CHEWBACCA,OFF WHITE,M/2/32,2,"$00,041",150,100
LUXO,BUZO EFFECT,OXIDO,S/1/30,1,"$00,052",150,100
LUXO,HOODIE FUSIÓN,NEGRO,XS/28,1,"$00,046",150,100
LUXO,HOODIE FUSIÓN,NEGRO,S/1/30,2,"$00,046",150,100
LUXO,HOODIE FUSIÓN,NEGRO,M/2/32,1,"$00,046",150,100
LUXO,HOODIE FUSIÓN,NEGRO,L/3/34,1,"$00,046",150,100
LUXO,HOODIE CONJURO,NEGRO,S/1/30,3,"$00,049",150,100
LUXO,HOODIE CONJURO,NEGRO,M/2/32,1,"$00,049",150,100
LUXO,HOODIE CONJURO,HELIO,S/1/30,2,"$00,049",150,100
LUXO,HOODIE CONJURO,HELIO,M/2/32,1,"$00,049",150,100
LUXO,HOODIE CONJURO,HELIO,L/3/34,1,"$00,049",150,100
LUXO,HOODIE CONJURO,CARBON,S/1/30,1,"$00,049",150,100
LUXO,HOODIE CONJURO,CARBON,M/2/32,1,"$00,049",150,100
LUXO,HOODIE CONJURO,CARBON,L/3/34,1,"$00,049",150,100
LUXO,HOODIE CONJURO,CARBON,XL/36,1,"$00,049",150,100
LUXO,HOODIE FUTURO,BORDO,XS/28,1,"$00,058",150,100
LUXO,HOODIE FUTURO,BORDO,S/1/30,1,"$00,058",150,100
LUXO,HOODIE FUTURO,BORDO,M/2/32,1,"$00,058",150,100
LUXO,HOODIE FUTURO,BORDO,L/3/34,1,"$00,058",150,100
LUXO,HOODIE FUTURO,VERDE,S/1/30,2,"$00,058",150,100
LUXO,HOODIE FUTURO,VERDE,M/2/32,2,"$00,058",150,100
LUXO,HOODIE FUTURO,MALTINTO,L/3/34,1,"$00,058",150,100
LUXO,HOODIE FUTURO,BEIGE,XS/28,1,"$00,058",150,100
LUXO,HOODIE FUTURO,BEIGE,S/1/30,1,"$00,058",150,100
LUXO,HOODIE FUTURO,BEIGE,L/3/34,1,"$00,058",150,100
LUXO,HOODIE FUTURO,PETROLEO,XS/28,1,"$00,058",150,100
LUXO,HOODIE FUTURO,PETROLEO,S/1/30,2,"$00,058",150,100
LUXO,HOODIE FUTURO,PETROLEO,M/2/32,2,"$00,058",150,100
LUXO,HOODIE HUMO,NEGRO,XS/28,1,"$00,049",150,100
LUXO,HOODIE HUMO,NEGRO,S/1/30,2,"$00,049",150,100
LUXO,HOODIE HUMO,NEGRO,M/2/32,1,"$00,049",150,100
LUXO,HOODIE ELIXIR,NEGRO,XS/28,1,"$00,049",150,100
LUXO,HOODIE ELIXIR,NEGRO,S/1/30,1,"$00,049",150,100
LUXO,HOODIE ELIXIR,NEGRO,L/3/34,1,"$00,049",150,100
LUXO,HOODIE MOLECULA,NEGRO,S/1/30,1,"$00,049",150,100
LUXO,HOODIE MOLECULA,NEGRO,M/2/32,1,"$00,049",150,100
LUXO,HOODIE HELLO DARLING,NEGRO,XS/28,2,"$00,054",150,100
LUXO,HOODIE HELLO DARLING,NEGRO,M/2/32,1,"$00,054",150,100
LUXO,HOODIE HELLO DARLING,NEGRO,L/3/34,1,"$00,054",150,100
LUXO,BUZO CR BONSAI,NEGRO,XL/36,1,"$00,038",150,100
LUXO,HOODIE HUNTER,NEGRO,XS/28,2,"$00,050",150,100
LUXO,HOODIE HUNTER,NEGRO,S/1/30,1,"$00,050",150,100
LUXO,HOODIE HUNTER,NEGRO,M/2/32,1,"$00,050",150,100
LUXO,HOODIE HUNTER,NEGRO,L/3/34,1,"$00,050",150,100
LUXO,SWEATER FACE,GRIS,S/1/30,1,"$00,026",150,100
LUXO,SWEATER FACE,GRIS,L/3/34,1,"$00,026",150,100
LUXO,SWEATER FACE,GRIS,XL/36,1,"$00,026",150,100
LUXO,SWEATER FACE,BEIGE,L/3/34,1,"$00,026",150,100
LUXO,SWEATER FACE,BEIGE,XL/36,1,"$00,026",150,100
MIDWAY,MUSCULOSA MILLER,GRIS WASHED,S/1/30,3,"$00,016",150,100
MIDWAY,MUSCULOSA MILLER,BLANCO,S/1/30,1,"$00,014",150,100
MIDWAY,MUSCULOSA MILLER,VISON,XS/28,2,"$00,014",150,100
MIDWAY,MUSCULOSA MILLER,VISON,S/1/30,1,"$00,014",150,100
MIDWAY,REMERA SNOW LIGTHS,NEVADO,XS/28,1,"$00,016",150,100
MIDWAY,REMERA SNOW LIGTHS,NEVADO,M/2/32,1,"$00,016",150,100
MIDWAY,REMERA BOXY INDUSTRIA BLANCA,N/A,XS/28,1,"$00,016",150,100
MIDWAY,REMERA BOXY INDUSTRIA BLANCA,N/A,S/1/30,1,"$00,016",150,100
MIDWAY,BOXY OFICIAL,BLANCO,S/1/30,2,"$00,016",150,100
MIDWAY,BOXY OFICIAL,BLANCO,M/2/32,2,"$00,016",150,100
MIDWAY,BOXY OFICIAL,NEGRO,S/1/30,1,"$00,016",150,100
MIDWAY,BOXY LISA,NEGRO,M/2/32,1,"$00,016",150,100
MIDWAY,BOXY LISA,BLANCO,S/1/30,3,"$00,016",150,100
MIDWAY,BOXY LISA,BLANCO,M/2/32,1,"$00,016",150,100
MIDWAY,BOXY LISA,VIOLACEO,M/2/32,1,"$00,016",150,100
MIDWAY,BOXY EMOTIONAL,BLANCO,S/1/30,2,"$00,016",150,100
MIDWAY,BOXY EMOTIONAL,BLANCO,M/2/32,1,"$00,016",150,100
MIDWAY,BOXY STUDIO,BLANCO,M/2/32,1,"$00,016",150,100
MIDWAY,BOXY CORE,N/A,S/1/30,2,"$00,015",150,100
MIDWAY,BOXY CORE,N/A,M/2/32,1,"$00,015",150,100
MIDWAY,BOXY GLORIA,AZUL,XS/28,1,"$00,016",150,100
MIDWAY,BOXY GLORIA,AZUL,S/1/30,1,"$00,016",150,100
MIDWAY,BOXY GLORIA,GRIS,S/1/30,1,"$00,016",150,100
MIDWAY,BOXY COMPANY,BEIGE,S/1/30,2,"$00,016",150,100
MIDWAY,BOXY COMPANY,BEIGE,M/2/32,1,"$00,016",150,100
MIDWAY,BOXY COMPANY,GRIS,XS/28,1,"$00,016",150,100
MIDWAY,BOXY COMPANY,GRIS,S/1/30,2,"$00,016",150,100
MIDWAY,BOXY OVAL,BLANCO,S/1/30,1,"$00,016",150,100
MIDWAY,BOXY OVAL,BLANCO,M/2/32,1,"$00,016",150,100
SAMPLES,BUFANDON,CHOCOLATE,XS/28,1,"$00,040",150,100
SAMPLES,JACKET KAHLO,NEGRO,S/1/30,1,"$00,044",150,100
SAMPLES,JACKET KAHLO,NEGRO,M/2/32,1,"$00,044",150,100
SAMPLES,JACKET KAHLO,CHOCOLATE,S/1/30,1,"$00,044",150,100
SAMPLES,JACKET KAHLO,CHOCOLATE,M/2/32,1,"$00,044",150,100
SAMPLES,JACKET BULL,NEGRO,S/1/30,3,"$00,035",150,100
SAMPLES,JACKET BULL,NEGRO,M/2/32,2,"$00,035",150,100
SAMPLES,JACKET BULL,NEGRO,L/3/34,1,"$00,035",150,100
SAMPLES,JACKET BULL,CRUDO,S/1/30,3,"$00,035",150,100
SAMPLES,JACKET BULL,CRUDO,M/2/32,2,"$00,035",150,100
SAMPLES,JACKET BULL,CRUDO,L/3/34,1,"$00,035",150,100
SAMPLES,JACKET DUST,NEGRO,XS/28,1,"$00,042",150,100
SAMPLES,HOOIE CLAMP,CREMA,XS/28,2,"$00,035",150,100
SAMPLES,HOOIE CLAMP,CREMA,S/1/30,2,"$00,035",150,100
SAMPLES,HOOIE CLAMP,CREMA,M/2/32,2,"$00,035",150,100
SAMPLES,HOOIE CLAMP,CREMA,L/3/34,2,"$00,035",150,100
SAMPLES,HOODIE BLANKS,VERDE,XS/28,2,"$00,035",150,100
SAMPLES,HOODIE BLANKS,VERDE,M/2/32,1,"$00,035",150,100
SAMPLES,HOODIE BLANKS,VERDE,L/3/34,1,"$00,035",150,100
SAMPLES,HOODIE BLANKS,GRIS,XS/28,1,"$00,035",150,100
SAMPLES,HOODIE BLANKS,GRIS,S/1/30,1,"$00,035",150,100
SAMPLES,HOODIE BLANKS,GRIS,M/2/32,2,"$00,035",150,100
SAMPLES,HOODIE BLANKS,GRIS,L/3/34,1,"$00,035",150,100
SAMPLES,CAMPERA BLANKS,NEGRO,XS/28,1,"$00,035",150,100
SAMPLES,CAMPERA BLANKS,NEGRO,S/1/30,2,"$00,035",150,100
SAMPLES,CAMPERA BLANKS,NEGRO,M/2/32,1,"$00,035",150,100
SAMPLES,CAMPERA BLANKS,ARENA,S/1/30,3,"$00,035",150,100
SAMPLES,CAMPERA BLANKS,ARENA,M/2/32,2,"$00,035",150,100
SAMPLES,CAMPERA BLANKS,ARENA,L/3/34,1,"$00,035",150,100
SAMPLES,HOODIE ENSA,NEGRO,XS/28,1,"$00,035",150,100
SAMPLES,HOODIE ENSA,NEGRO,S/1/30,2,"$00,035",150,100
SAMPLES,HOODIE ENSA,NEGRO,M/2/32,2,"$00,035",150,100
SAMPLES,HOODIE ENSA,NEGRO,L/3/34,1,"$00,035",150,100
SAMPLES,BAGGY DENIM WASHED,CELESTE,XS/28,1,"$00,037",150,100
SAMPLES,BAGGY DENIM WASHED,CELESTE,S/1/30,2,"$00,037",150,100
SAMPLES,BAGGY DENIM WASHED,CELESTE,M/2/32,2,"$00,037",150,100
SAMPLES,BAGGY DASH,NEGRO,S/1/30,1,"$00,031",150,100
SAMPLES,CLASSIC BAGGY,NEGRO,XS/28,1,"$00,029",150,100
SAMPLES,CLASSIC BAGGY,NEGRO,L/3/34,1,"$00,029",150,100
SAMPLES,CLASSIC BAGGY,CREMA,S/1/30,1,"$00,029",150,100
SAMPLES,CLASSIC BAGGY,CREMA,M/2/32,1,"$00,029",150,100
SAMPLES,CLASSIC BAGGY,CREMA,L/3/34,1,"$00,029",150,100
SAMPLES,BAGGY MARLON 2.0,NEGRO,XS/28,2,"$00,033",150,100
SAMPLES,BAGGY MARLON 2.0,NEGRO,S/1/30,2,"$00,033",150,100
SAMPLES,BAGGY MARLON 2.0,NEGRO,M/2/32,2,"$00,033",150,100
SAMPLES,BAGGY AMARO,CHOCOLATE,XS/28,1,"$00,029",150,100
SAMPLES,BAGGY AMARO,CHOCOLATE,S/1/30,2,"$00,029",150,100
SAMPLES,BAGGY AMARO,CHOCOLATE,M/2/32,1,"$00,029",150,100
SAMPLES,BAGGY AMARO,CHOCOLATE,L/3/34,1,"$00,029",150,100
SAMPLES,BAGGY AMARO,CREMA,XS/28,2,"$00,029",150,100
SAMPLES,BAGGY AMARO,CREMA,S/1/30,2,"$00,029",150,100
SAMPLES,BAGGY AMARO,CREMA,M/2/32,2,"$00,029",150,100
SAMPLES,BAGGY AMARO,CREMA,L/3/34,1,"$00,029",150,100
SAMPLES,PANTALON CARGO 235,VERDE,S/1/30,1,"$00,025",150,100
SAMPLES,PANTALON CARGO 235,VERDE,L/3/34,1,"$00,025",150,100
SAMPLES,PANTALON CARGO 235,BEIGE,XS/28,1,"$00,025",150,100
SAMPLES,PANTALON CARGO 235,BEIGE,S/1/30,1,"$00,025",150,100
SAMPLES,PANTALON CARGO 235,BEIGE,M/2/32,2,"$00,025",150,100
SAMPLES,PANTALON CARGO 235,BEIGE,L/3/34,1,"$00,025",150,100
SAMPLES,PANTALON CARPINTERO,CHOCOLATE,XS/28,1,-,150,100
SAMPLES,PANTALON CARGO 1001,VERDE,M/2/32,1,"$00,026",150,100
SAMPLES,TEE MAE WASHED,NEVADO,XS/28,1,"$00,018",150,100
SAMPLES,TEE DOWNEY,NEGRO,XS/28,1,"$00,016",150,100
SAMPLES,TEE DOWNEY,NEGRO,S/1/30,2,"$00,016",150,100
SAMPLES,TEE DOWNEY,NEGRO,M/2/32,2,"$00,016",150,100
SAMPLES,TEE DOWNEY,NEGRO,L/3/34,1,"$00,016",150,100
SAMPLES,TEE DOWNEY,CREMA,XS/28,1,"$00,016",150,100
SAMPLES,TEE DOWNEY,CREMA,S/1/30,2,"$00,016",150,100
SAMPLES,TEE DOWNEY,CREMA,M/2/32,1,"$00,016",150,100
SAMPLES,TEE DOWNEY,CREMA,L/3/34,1,"$00,016",150,100
SAMPLES,TEE FEIY,ARENA,L/3/34,1,"$00,017",150,100
SAMPLES,TEE FEIY,NEGRO,S/1/30,1,"$00,017",150,100
SAMPLES,TEE FEIY,NEGRO,M/2/32,2,"$00,017",150,100
SAMPLES,TEE FEIY,NEGRO,L/3/34,1,"$00,017",150,100
SAMPLES,JORT POISON,CREMA,XS/28,1,"$00,030",150,100
SAMPLES,SHORT 208,GRIS,XS/28,1,"$00,016",150,100
SAMPLES,SHORT 208,GRIS,S/1/30,1,"$00,016",150,100
MANKI,CAMPERA SHERPA,NEGRO,XS/28,1,"$00,050",150,100
MANKI,CAMPERA SHERPA,NEGRO,S/1/30,1,"$00,050",150,100
MANKI,CAMPERA SHERPA,NEGRO,XS/28,1,"$00,050",150,100
MANKI,CAMPERA SHERPA,NEGRO,S/1/30,1,"$00,050",150,100
MANKI,BUZO TOTAL,CRUDO,S/1/30,2,"$00,036",150,100
MANKI,BUZO TOTAL,CRUDO,M/2/32,2,"$00,036",150,100
MANKI,BUZO TOTAL,CRUDO,L/3/34,2,"$00,036",150,100
MANKI,BUZO TOTAL,CRUDO,XL/36,1,"$00,036",150,100
MANKI,BUZO BOXY FEAR,NEGRO,S/1/30,1,"$00,037",150,100
MANKI,BUZO BOXY FEAR,NEGRO,M/2/32,1,"$00,037",150,100
MANKI,BUZO BOXY FEAR,NEGRO,L/3/34,1,"$00,037",150,100
MANKI,BUZO BOXY WEST,NEGRO,XS/28,1,"$00,037",150,100
MANKI,BUZO BOXY WEST,NEGRO,S/1/30,1,"$00,037",150,100
MANKI,BUZO BOXY WEST,NEGRO,M/2/32,1,"$00,037",150,100
MANKI,SWEATER JOYA,OXIDO,XS/28,2,"$00,055",150,100
MANKI,SWEATER JOYA,OXIDO,S/1/30,1,"$00,055",150,100
MANKI,SWEATER JOYA,OXIDO,M/2/32,1,"$00,055",150,100
MANKI,SWEATER FINN,NEGRO,XS/28,2,"$00,055",150,100
MANKI,SWEATER FINN,NEGRO,S/1/30,1,"$00,055",150,100
MANKI,SWEATER FINN,NEGRO,M/2/32,2,"$00,055",150,100
MANKI,SWEATER FINN,BEIGE,S/1/30,1,"$00,055",150,100
MANKI,SWEATER FINN,BEIGE,M/2/32,1,"$00,055",150,100
MANKI,SWEATER TAMPA,OXIDO,S/1/30,1,"$00,055",150,100
MANKI,JEAN ISAC,MARRON,S/1/30,1,"$00,038",150,100
MANKI,JEAN ISAC,MARRON,M/2/32,1,"$00,038",150,100
MANKI,JEAN ISAC,MARRON,L/3/34,1,"$00,038",150,100
MANKI,JEAN WESS,MARRON,XS/28,1,"$00,037",150,100
MANKI,JEAN WESS,MARRON,M/2/32,1,"$00,037",150,100
MANKI,JEAN OS COTTE,CELESTE ARENA,XS/28,1,"$00,038",150,100
MANKI,JEAN OS COTTE,CELESTE ARENA,S/1/30,1,"$00,038",150,100
MANKI,JEAN OS COTTE,CELESTE ARENA,M/2/32,1,"$00,038",150,100
MANKI,JEAN OS COTTE,NEGRO,XS/28,1,"$00,038",150,100
MANKI,JEAN OS COTTE,NEGRO,S/1/30,1,"$00,038",150,100
MANKI,JEAN OS COTTE,NEGRO,M/2/32,1,"$00,038",150,100
MANKI,JEAN FELA,NEGRO,XS/28,1,"$00,038",150,100
MANKI,JEAN FELA,NEGRO,M/2/32,1,"$00,038",150,100
MANKI,JEAN FELA,NEGRO,L/3/34,1,"$00,038",150,100
MANKI,GORRA HUBB,N/A,S/1/30,3,"$00,014",150,100
MANKI,GORRA FENG,N/A,S/1/30,3,"$00,014",150,100
MANKI,GORRO GRIM,"negro, chocolate, crudo, verde, beige",S/1/30,1,"$00,014",150,100
MANKI,GORRO GRIM,"negro, chocolate, crudo, verde, beige",M/2/32,2,"$00,014",150,100
MANKI,GORRO GRIM,"negro, chocolate, crudo, verde, beige",L/3/34,2,"$00,014",150,100
MANKI,GORRO GRIM,"negro, chocolate, crudo, verde, beige",XL/36,2,"$00,014",150,100
VALKYMIA,baggy push oxido,N/A,XS/28,1,"$00,038",150,100
VALKYMIA,baggy push oxido,N/A,S/1/30,2,"$00,038",150,100
VALKYMIA,baggy push oxido,N/A,M/2/32,2,"$00,038",150,100
VALKYMIA,baggy push oxido,N/A,XL/36,1,"$00,038",150,100
VALKYMIA,baggy diferneciado tope azul,N/A,S/1/30,2,"$00,037",150,100
VALKYMIA,baggy diferneciado tope azul,N/A,M/2/32,2,"$00,037",150,100
VALKYMIA,baggy diferneciado tope azul,N/A,L/3/34,1,"$00,037",150,100
VALKYMIA,baggy marfil verde,N/A,XS/28,1,"$00,037",150,100
VALKYMIA,baggy marfil verde,N/A,S/1/30,2,"$00,037",150,100
VALKYMIA,baggy marfil verde,N/A,M/2/32,2,"$00,037",150,100
VALKYMIA,Baggy Pecker Negro,N/A,XS/28,1,"$00,036",150,100
VALKYMIA,Baggy Pecker Negro,N/A,M/2/32,2,"$00,036",150,100
VALKYMIA,Baggy Pecker Negro,N/A,L/3/34,2,"$00,036",150,100
VALKYMIA,Baggy Prix Gris,N/A,XS/28,2,"$00,036",150,100
VALKYMIA,Baggy Prix Gris,N/A,L/3/34,1,"$00,036",150,100
VALKYMIA,Baggy Brunchnan OXIDO,N/A,L/3/34,1,"$00,036",150,100
VALKYMIA,Baggy Brunchnan OXIDO,N/A,XL/36,1,"$00,036",150,100
VALKYMIA,Baggy Sigali Gris,N/A,S/1/30,1,"$00,036",150,100
VALKYMIA,Pantalon Baggy Deroy LADRILLO,N/A,S/1/30,2,"$00,032",150,100
VALKYMIA,Pantalon Baggy Deroy LADRILLO,N/A,L/3/34,1,"$00,032",150,100
VALKYMIA,Pantalon Baggy Deroy NEGRO,N/A,L/3/34,1,"$00,032",150,100
VALKYMIA,Buzo Over Kruger NEGRO,N/A,XS/28,1,"$00,022",150,100
VALKYMIA,Buzo Over Kruger NEGRO,N/A,L/3/34,1,"$00,022",150,100
VALKYMIA,Buzo Over Kruger GRIS,N/A,M/2/32,1,"$00,022",150,100
VALKYMIA,Buzo Over Buchanan CRUDO,N/A,S/1/30,1,"$00,027",150,100
VALKYMIA,Buzo Over Buchanan CRUDO,N/A,L/3/34,2,"$00,027",150,100
VALKYMIA,Buzo Over Buchanan NEGRO,N/A,M/2/32,2,"$00,027",150,100
KLHO,JEAN KLHO NEGRO,N/A,XL/36,1,"$00,000",150,100
KLHO,JEAN KLHO CELESTE,N/A,XS/28,1,"$00,000",150,100
KLHO,JEAN KLHO CELESTE,N/A,XL/36,1,"$00,000",150,100
LUXO,BERMUDA STADIUM,OXIDO,XS/28,1,"$00,031",150,100
LUXO,BERMUDA STADIUM,OXIDO,M/2/32,2,"$00,031",150,100
LUXO,BERMUDA STADIUM,OXIDO,L/3/34,2,"$00,031",150,100
LUXO,BERMUDA STEVENS,GRIS,S/1/30,2,"$00,038",150,100
LUXO,BERMUDA STEVENS,GRIS,M/2/32,2,"$00,038",150,100
LUXO,BERMUDA STEVENS,GRIS,L/3/34,1,"$00,038",150,100
LUXO,BERMUDA STEVENS,GRIS,XL/36,1,"$00,038",150,100
LUXO,BERMUDA STEVENS,GRIS,XXL/38,1,"$00,038",150,100
LUXO,BERMUDA HASS,PROCESO 2 AZ.,XS/28,1,"$00,041",150,100
LUXO,BERMUDA STATE,PROCESO 3 NEG.,S/1/30,1,"$00,043",150,100
LUXO,BERMUDA STATE,PROCESO 3 NEG.,M/2/32,2,"$00,043",150,100
LUXO,BERMUDA STATE,PROCESO 3 NEG.,L/3/34,1,"$00,043",150,100
LUXO,BERMUDA IGGY,NEGRO-BLANCO,S/1/30,1,"$00,031",150,100
LUXO,BERMUDA IGGY,NEGRO-BLANCO,M/2/32,1,"$00,031",150,100
LUXO,BERMUDA IGGY,NEGRO-BLANCO,L/3/34,1,"$00,031",150,100
LUXO,BERMUDA IGGY,NEGRO-BLANCO,XL/36,1,"$00,031",150,100
LUXO,BERMUDA CARGO,NEGRO - P1,L/3/34,1,"$00,041",150,100
LUXO,BERMUDA TECHNO,MILITAR,M/2/32,2,"$00,027",150,100
LUXO,BERMUDA VINTAGE,NEGRO,S/1/30,1,"$00,034",150,100
LUXO,BERMUDA VINTAGE,NEGRO,M/2/32,4,"$00,034",150,100
LUXO,BERMUDA VINTAGE,NEGRO,L/3/34,1,"$00,034",150,100
LUXO,BERMUDA CAPONE,BEIGE,XS/28,1,"$00,027",150,100
LUXO,BERMUDA CAPONE,BEIGE,L/3/34,1,"$00,027",150,100
LUXO,BERMUDA CARGO TILO,NEGRO,XS/28,1,"$00,030",150,100
LUXO,BERMUDA CARGO TILO,NEGRO,L/3/34,1,"$00,030",150,100
LUXO,BERMUDA CARGO TILO,VERDE,M/2/32,1,"$00,030",150,100
LUXO,BERMUDA CARGO TILO,VERDE,L/3/34,1,"$00,030",150,100
LUXO,BERMUDA CARGO TILO,GRIS,XS/28,1,"$00,030",150,100
LUXO,BERMUDA CARGO TILO,GRIS,L/3/34,1,"$00,030",150,100
LUXO,BERMUDA CARGO TILO,ROSA,S/1/30,1,"$00,030",150,100
LUXO,BERMUDA CARGO TILO,ROSA,M/2/32,1,"$00,030",150,100
LUXO,BERMUDA CARGO TILO,ROSA,L/3/34,1,"$00,030",150,100
LUXO,BERMUDA JOY,VERDE,S/1/30,1,"$00,022",150,100
LUXO,BERMUDA JOY,VERDE,M/2/32,2,"$00,022",150,100
LUXO,BERMUDA JOY,NEGRO,S/1/30,2,"$00,022",150,100
LUXO,BERMUDA NICE,CAFÉ,S/1/30,1,"$00,027",150,100
LUXO,BERMUDA NICE,CAFÉ,M/2/32,2,"$00,027",150,100
LUXO,BERMUDA VINTAGE,AZUL,XS/28,1,"$00,034",150,100
LUXO,BERMUDA VINTAGE,AZUL,S/1/30,3,"$00,034",150,100
LUXO,BERMUDA VINTAGE,NEGRO,XS/28,2,"$00,034",150,100
LUXO,BERMUDA VINTAGE,NEGRO,M/2/32,1,"$00,034",150,100
LUXO,BERMUDA VINTAGE,NEGRO,L/3/34,1,"$00,034",150,100
LUXO,BERMUDA VINTAGE,NEGRO,XL/36,1,"$00,034",150,100
LUXO,BERMUDA VINTAGE,GRIS,S/1/30,1,"$00,034",150,100
LUXO,BERMUDA VINTAGE,GRIS,M/2/32,1,"$00,034",150,100
LUXO,BERMUDA SUGAR,NEGRO,XS/28,2,"$00,016",150,100
LUXO,BERMUDA OLD CANVAS,NEGRO,XS/28,1,"$00,033",150,100
LUXO,BERMUDA SUGAR,VERDE,XS/28,2,"$00,016",150,100
LUXO,BERMUDA SUGAR,VERDE,S/1/30,1,"$00,016",150,100
LUXO,BERMUDA SUGAR,VERDE,M/2/32,3,"$00,016",150,100
LUXO,BERMUDA SUGAR,NEGRO,XS/28,1,"$00,016",150,100
LUXO,BERMUDA SUGAR,CAMEL,XS/28,2,"$00,016",150,100
LUXO,BERMUDA SUGAR,CAMEL,S/1/30,1,"$00,016",150,100
LUXO,BERMUDA SUGAR,CAMEL,M/2/32,1,"$00,016",150,100
LUXO,BERMUDA SUGAR,CAMEL,L/3/34,1,"$00,016",150,100
LUXO,CAMISA MC OWNER,LAVANDA,XS/28,2,"$00,031",150,100
LUXO,CAMISA MC OWNER,LAVANDA,S/1/30,2,"$00,031",150,100
LUXO,CAMISA MC OWNER,LAVANDA,M/2/32,1,"$00,031",150,100
LUXO,CAMISA HOFFMAN,NEGRO-BLANCO,M/2/32,1,"$00,035",150,100
LUXO,CAMISA HOFFMAN,NEGRO-BLANCO,L/3/34,1,"$00,035",150,100
LUXO,CAMISA OZONO,BLANCO,XS/28,1,"$00,034",150,100
LUXO,CAMISA OZONO,BLANCO,S/1/30,1,"$00,034",150,100
LUXO,CAMISA OZONO,NEGRO,M/2/32,1,"$00,034",150,100
LUXO,CAMISA THE GANG,ROSA,XS/28,1,"$00,026",150,100
LUXO,CAMISA CLIMAX,20,M/2/32,1,"$00,020",150,100
LUXO,CAMISA CLIMAX,21,M/2/32,2,"$00,020",150,100
LUXO,CAMISA CLIMAX,21,L/3/34,1,"$00,020",150,100
LUXO,CAMISA CLIMAX,21,XL/36,1,"$00,020",150,100
LUXO,CAMISA VERSUS,L04,XS/28,1,"$00,032",150,100
LUXO,CAMISA VERSUS,L04,S/1/30,1,"$00,032",150,100
LUXO,CAMISA VERSUS,L04,M/2/32,1,"$00,032",150,100
LUXO,CAMISA VERSUS,L06,S/1/30,1,"$00,032",150,100
LUXO,CAMISA VERSUS,L06,M/2/32,1,"$00,032",150,100
LUXO,CAMISA VERSUS,L12,M/2/32,1,"$00,032",150,100
LUXO,CAMISA VERSUS,L15,S/1/30,1,"$00,032",150,100
SKULLREM,BUZO MONEY,BEIGE,M/2/32,1,"$00,000",150,100
VALKYMIA,Conjunto Waffle VKM,Verde,XS/28,1,"$00,000",150,100
VALKYMIA,Conjunto Waffle VKM,Verde,S/1/30,1,"$00,000",150,100
VALKYMIA,Conjunto Waffle VKM,Verde,L/3/34,1,"$00,000",150,100
VALKYMIA,Conjunto Waffle VKM,Azul,XS/28,1,"$00,000",150,100
VALKYMIA,Conjunto Waffle VKM,Azul,S/1/30,2,"$00,000",150,100
VALKYMIA,Conjunto Waffle VKM,Azul,L/3/34,2,"$00,000",150,100
VALKYMIA,Conjunto Waffle VKM,Blanco,XS/28,3,"$00,000",150,100
VALKYMIA,Conjunto Waffle VKM,Blanco,M/2/32,1,"$00,000",150,100
VALKYMIA,Conjunto Waffle VKM,Blanco,L/3/34,1,"$00,000",150,100
VALKYMIA,Conjunto Waffle VKM,Beige,XS/28,2,"$00,000",150,100
VALKYMIA,CAMISA LIRA,NEGRO,S/1/30,1,"$00,000",150,100
VALKYMIA,CAMISA LIRA,NEGRO,M/2/32,2,"$00,000",150,100
VALKYMIA,CAMISA LIRA,NEGRO,L/3/34,1,"$00,000",150,100
VALKYMIA,CAMISA LIRA,VERDE,L/3/34,1,"$00,000",150,100
VALKYMIA,CAMISA LIRA,VERDE,XL/36,1,"$00,000",150,100
VALKYMIA,CAMISA LIRA,BEIGE,XL/36,1,"$00,000",150,100
KAZUMA,CAMISA RAYADA LAOS,VERDE,M/2/32,1,"$00,000",150,100
KAZUMA,CAMISA RAYADA LOJA,VERDE AGUA,S/1/30,1,"$00,000",150,100
KAZUMA,CAMISA RAYADA LOJA,VERDE AGUA,M/2/32,1,"$00,000",150,100
KAZUMA,CAMISA RAYADA LOJA,VERDE AGUA,L/3/34,2,"$00,000",150,100
KAZUMA,PANTALON LINO BADGER,VERDE,XS/28,2,"$00,000",150,100
KAZUMA,PANTALON LINO BADGER,VERDE,S/1/30,1,"$00,000",150,100
KAZUMA,PANTALON LINO BADGER,NEGRO,M/2/32,1,"$00,000",150,100
DUET,PANTALON NEGRO LINO,N/A,XS/28,1,"$00,000",150,100
DUET,PANTALON NEGRO LINO,N/A,S/1/30,1,"$00,000",150,100
DUET,PANTALON NEGRO LINO,N/A,L/3/34,1,"$00,000",150,100
DUET,PANTALON BLANCO LINO,N/A,S/1/30,1,"$00,000",150,100
DUET,PANTALON BLANCO LINO,N/A,M/2/32,1,"$00,000",150,100
MANKI,PANTALON SAMO BEIGE,N/A,M/2/32,2,"$00,036",150,100
VALKYMIA,PANTALON MOM LOD,NEGRO,XS/28,1,"$00,000",150,100
MIDWAY,CAMISA OLI,NEGRO,XL/36,2,"$00,035",150,100
MANKI,SUDADERA MALBA,NEGRO,XS/28,1,"$00,013",150,100
MANKI,BERMUDA SOLE,VERDE,L/3/34,1,"$00,033",150,100
MANKI,BERMUDA ELOY,NEGRO,XL/36,1,"$00,031",150,100
MANKI,BERMUDA ROMA,CRUDO,S/1/30,1,"$00,033",150,100
MANKI,BERMUDA ROMA,CRUDO,L/3/34,1,"$00,033",150,100
LUXO,REMERA TOTO 01,BLANCO,M/2/32,1,"$00,013",150,100